PID;Group;AES_sum;AES_interested_in_things;AES_do_things_day;AES_start_things_self;AES_interested_new_experiences;AES_interested_learning_new;AES_little_effort_everything;AES_approach_life_vitality;AES_important_finish_activities;AES_spend_time_interesting_things;AES_someone_tell_me_what_to_do;AES_less_concerned_problems_should_be;AES_have_friends;AES_meeting_friends_important;AES_excited_good_happens;AES_understand_problems_well;AES_important_do_things_day;AES_have_initiative;AES_have_motivation;Biomag_Untersuchung;Biomag_gender;Biomag_weight;Biomag_height;Biomag_History of disorder of vision;Biomag_Wears glasses (finding);Biomag_smoker;Biomag_Finding relating to alcohol drinking behavior (finding);Biomag_number of alcohol units consumed on typical drinking day (observable entity);Biomag_Misuses drugs (finding);Biomag_Gambling (finding);Biomag_Memory impairment (finding);Biomag_History of depression;Biomag_History of psychiatric disorder;Biomag_Lives alone (finding);Biomag_Maritual status;Biomag_Sports activity;Biomag_Emotional state finding (finding);Biomag_Employed;Biomag_Bildungsgrad;EQ5D_health_status;fuglmayrshort_sum;fuglmayrshort_elevation_shoulder;fuglmayrshort_extensor_synergy;fuglmayrshort_supination_elbow;fuglmayrshort_flexion_shoulder;fuglmayrshort_stability_wrist;fuglmayrshort_paper_hold_thumb;GDS_sum;GDS_questions_1;GDS_questions_2;GDS_questions_3;GDS_questions_4;GDS_questions_5;GDS_questions_6;GDS_questions_7;GDS_questions_8;GDS_questions_9;GDS_questions_10;GDS_questions_11;GDS_questions_12;GDS_questions_13;GDS_questions_14;GDS_questions_15;GDS_health_status;MoCa_sum;MoCa_Visuospatial/Executiv1;MoCa_Visuospatial/Executiv2;MoCa_Visuospatial/Executiv3;MoCa_Tiere benennen;MoCa_GedÃ¤chtnis 2;MoCa_Aufmerksamkeit1;MoCa_Aufmerksamkeit2;MoCa_Aufmerksamkeit3;MoCa_Sprache1;MoCa_Sprache2;MoCa_Abstraktion;MoCa_Orientierung;MoCa_Schulausbildung;MoCa_GedÃ¤chtnis 1;MORE_sum;MORE_a1;MORE_a2;MORE_a3;MORE_a4;MORE_a5;MORE_a6;MORE_a7;MORE_a8;MORE_a9;MORE_a10;MORE_a11;MORE_a12;MORE_a13;MORE_a14;MORE_a15;MORE_a16;MORE_a17;MORE_want_reha;MORE_stay_until_goal;MORE_train_role;MORE_effort_goal;MORE_meet_expect;MORE_use_skills;MORE_share_goal;MORE_change_motivate;MORE_encourage_others;MORE_family_motivate;MORE_feel_better;MORE_train_daily;MORE_try_methods;MORE_persist_pain;MORE_self_train;MORE_active_reha;MORE_reha_essential;TSS;NIHSS;PATH
1;A;20;1;1;2;2;2;3;1;2;1;3;2;1;1;0;1;2;1;1;70;Female;67;160;0;1;never smoker;2-4_month;1;0;0;0;no;0;0;married;1h_week;;0;Abitur;80;12;2;2;2;2;2;2;1;1;2;2;2;1;2;1;2;2;2;2;2;1;2;2;;28;1;1;3;3;3;2;1;2;2;1;2;6;1;;105;7;6;7;7;6;7;7;7;5;1;5;7;7;7;5;7;7;;;;;;;;;;;;;;;;;;1;2;/BIOMAG_DATA/PROJECTS/GR_Valentin/processed_final/Round2/01
2;B;0;0;0;0;0;0;3;0;0;0;3;3;0;0;0;0;0;0;0;58;Male;108;176;1;1;current every day smoker;1_month;02. Mrz;0;0;0;no;0;1;single;no;money_worries;0;8-10. Klasse;40;8;2;2;1;1;1;1;0;1;2;2;2;1;2;1;2;2;2;1;2;1;2;2;;20;0;0;2;3;2;2;1;2;0;0;2;6;0;0;103;7;5;6;5;6;7;4;5;6;7;5;7;7;6;7;6;7;;;;;;;;;;;;;;;;;;1;3;/BIOMAG_DATA/PROJECTS/GR_Valentin/processed_final/Round2/02
3;A;2;0;0;1;0;0;3;0;0;0;3;3;0;0;0;1;0;0;0;81;Male;69;172;0;1;never smoker;2-4_month;1;0;0;0;no;0;0;married;1h_week;no;0;Studium;85;12;2;2;2;2;2;2;2;1;2;2;2;2;2;1;2;2;2;1;2;1;2;1;;17;;;2;;;2;1;0;2;0;2;6;0;2;90;2;6;6;7;6;7;6;6;6;2;6;6;6;1;3;7;7;;;;;;;;;;;;;;;;;;2;2;/BIOMAG_DATA/PROJECTS/GR_Valentin/processed_final/Round2/03
4;B;7;0;0;0;0;3;3;0;0;0;3;2;0;1;0;2;0;0;0;64;Female;90;164;1;1;former smoker;never alcohol;0;0;1;0;no;1;1;widowed;1h_week;no;0;Ausbildung;55;5;1;1;1;1;1;0;2;1;2;2;2;1;2;1;2;1;2;1;2;1;2;1;;24;0;1;1;3;2;2;1;3;2;0;2;6;1;0;119;7;7;7;7;7;7;7;7;7;7;7;7;7;7;7;7;7;;;;;;;;;;;;;;;;;;6;4;/BIOMAG_DATA/PROJECTS/GR_Valentin/processed_final/Round2/04
5;B;41;3;2;2;3;3;2;3;1;3;1;2;2;2;3;2;3;2;3;65;Male;105;167;0;1;current every day smoker;never alcohol;0;0;0;0;yes_history;0;1;married;no;loneliness;0;8-10. Klasse;40;10;2;2;2;2;1;1;11;2;1;1;1;2;2;1;1;1;1;1;1;2;2;1;;16;0;0;0;3;0;2;1;3;0;0;2;5;0;0;74;3;3;2;6;4;6;4;3;4;6;3;6;5;2;6;5;6;;;;;;;;;;;;;;;;;;5;2;/BIOMAG_DATA/PROJECTS/GR_Valentin/processed_final/Round2/05
6;A;7;0;0;0;1;0;3;0;0;0;2;1;0;1;1;1;0;0;0;66;Male;70;178;0;1;former smoker;1_month;1;0;0;0;no;0;1;married;1h_week;no;0;Abitur;55;9;2;2;1;2;1;1;1;1;2;2;2;1;2;1;2;2;2;1;2;2;2;2;;25;0;1;2;3;3;2;0;3;2;1;2;6;0;0;97;6;7;4;7;7;7;6;4;2;5;4;7;7;3;7;7;7;;;;;;;;;;;;;;;;;;1;2;/BIOMAG_DATA/PROJECTS/GR_Valentin/processed_final/Round2/06
7;A;5;0;0;1;1;1;3;0;1;0;3;3;0;0;0;0;0;0;1;77;Female;73;150;0;1;never smoker;never alcohol;0;0;0;0;no;0;0;married;no;no;0;8-10. Klasse;90;11;1;2;2;2;2;2;1;1;2;2;2;2;2;1;2;2;2;1;2;1;2;2;;18;0;0;2;3;0;2;1;3;1;1;2;2;1;0;104;;;;;;;;;;;;;;;;;;7;7;6;6;7;7;5;5;5;5;6;6;6;6;7;6;7;2;0;/BIOMAG_DATA/PROJECTS/GR_Valentin/processed_final/Round2/07
8;B;18;0;0;1;1;1;3;1;1;1;3;3;0;0;0;0;1;1;1;70;Male;97;172;0;1;former smoker;2-4_month;02. Mrz;0;0;0;no;0;0;married;1h_week;no_details;0;Ausbildung;50;9;1;1;2;2;2;1;0;1;2;2;2;1;2;1;2;2;2;1;2;1;2;2;;23;1;1;3;3;1;2;0;1;2;0;2;6;1;0;103;7;7;7;7;6;7;6;6;5;5;5;5;5;5;6;7;7;;;;;;;;;;;;;;;;;;3;3;/BIOMAG_DATA/PROJECTS/GR_Valentin/processed_final/Round2/08
9;B;9;0;0;0;1;1;3;1;1;0;3;1;0;1;0;1;0;0;1;89;Male;73;168;0;1;former smoker;>3_week;1;0;0;0;no;0;0;married;no;no;0;8-10. Klasse;30;6;1;1;1;1;1;1;0;1;2;2;2;1;2;1;2;2;2;1;2;1;2;2;;25;1;1;3;3;0;2;1;3;2;1;2;5;1;0;105;7;6;6;6;6;7;7;5;4;7;6;7;6;6;7;7;5;;;;;;;;;;;;;;;;;;2;6;/BIOMAG_DATA/PROJECTS/GR_Valentin/processed_final/Round2/09
10;A;18;0;1;1;1;1;2;1;1;1;2;2;1;1;1;2;1;1;1;71;Male;88;169;0;1;former smoker;never alcohol;0;0;0;0;no;0;1;married;1-3h_week;no;0;Abitur;20;11;2;2;2;2;1;2;;;;;;;;;;;;;;;;;;24;1;1;1;3;2;1;1;3;2;1;2;6;0;0;107;6;7;7;6;6;7;6;6;6;6;6;6;7;6;6;6;7;;;;;;;;;;;;;;;;;;1;3;/BIOMAG_DATA/PROJECTS/GR_Valentin/processed_final/Round2/10
11;B;19;1;1;2;1;1;3;1;1;1;3;2;1;1;0;2;1;2;2;68;Female;65;164;0;1;never smoker;2-3_week;02. Mrz;0;0;0;no;0;1;single;>3h_week;loneliness;0;Studium;50;12;2;2;2;2;2;2;2;1;2;2;2;1;2;2;2;2;1;1;2;1;2;2;;27;1;1;3;3;3;2;1;3;2;0;2;6;0;0;99;6;2;6;7;6;6;5;5;4;6;5;7;7;6;7;7;7;;;;;;;;;;;;;;;;;;2;2;/BIOMAG_DATA/PROJECTS/GR_Valentin/processed_final/Round2/11
12;A;16;1;1;2;1;1;0;1;1;1;1;1;0;1;1;0;1;0;2;68;Male;80;175;0;1;never smoker;2-3_week;1;0;0;0;yes_active;0;0;married;no;no;0;8-10. Klasse;80;12;2;2;2;2;2;2;4;1;2;2;2;2;2;1;2;2;1;1;1;1;1;2;;18;1;1;2;3;0;1;0;0;1;0;2;6;1;0;114;7;6;7;7;6;7;7;6;7;6;6;7;7;7;7;7;7;;;;;;;;;;;;;;;;;;2;4;/BIOMAG_DATA/PROJECTS/GR_Valentin/processed_final/Round2/12
13;B;27;2;2;1;2;1;2;2;2;1;1;2;3;0;1;0;2;2;2;75;Male;86;168;0;1;never smoker;never alcohol;0;0;0;0;no;0;1;married;no;loneliness, fear_poverty;0;8-10. Klasse;50;12;2;2;2;2;2;2;5;1;2;2;1;1;1;1;2;1;2;1;2;2;2;1;;18;0;0;2;3;0;2;1;2;0;0;1;6;1;0;75;5;4;4;1;2;4;4;4;6;6;6;6;6;6;1;5;5;;;;;;;;;;;;;;;;;;2;0;/BIOMAG_DATA/PROJECTS/GR_Valentin/processed_final/Round2/13
14;A;8;0;1;1;0;0;3;0;1;0;3;1;0;0;0;1;1;1;0;54;Male;71;171;1;1;current every day smoker;1_month;02. Mrz;0;0;0;no;0;0;cohabitating;no;money_worries;1;Ausbildung;75;12;2;2;2;2;2;2;1;1;1;2;2;1;2;1;2;2;2;1;2;1;2;2;;28;1;1;3;3;3;2;1;3;2;0;2;6;1;0;115;7;6;7;7;7;7;7;6;6;7;6;7;7;7;7;7;7;;;;;;;;;;;;;;;;;;1;1;/BIOMAG_DATA/PROJECTS/GR_Valentin/processed_final/Round2/14
15;B;11;0;1;1;0;0;3;1;1;0;3;0;1;1;0;1;1;0;0;54;Male;72;172;0;1;current every day smoker;1_month;02. Mrz;0;0;0;no;1;0;cohabitating;no;no;0;Ausbildung;90;10;2;2;2;;2;2;2;1;1;1;2;1;2;1;2;2;2;1;2;1;2;2;;25;1;1;3;3;1;1;1;3;2;1;2;6;0;0;108;7;7;6;7;1;7;6;7;7;4;7;7;7;7;7;7;7;;;;;;;;;;;;;;;;;;4;2;/BIOMAG_DATA/PROJECTS/GR_Valentin/processed_final/Round2/15
16;B;0;0;0;0;0;0;3;0;0;0;3;3;0;0;0;0;0;0;0;75;Male;63;178;1;1;former smoker;1_month;1;1;0;1;no;0;0;married;>3h_week;no;0;Studium;45;12;2;2;2;2;2;2;3;1;1;2;2;1;2;1;2;1;2;1;2;2;2;2;;23;1;1;2;3;2;2;1;1;2;0;2;6;0;0;112;7;7;7;4;7;7;7;5;7;7;5;7;7;7;7;7;7;;;;;;;;;;;;;;;;;;6;3;/BIOMAG_DATA/PROJECTS/GR_Valentin/processed_final/Round2/16
17;A;14;0;1;2;0;0;3;1;0;0;3;1;2;1;1;1;1;0;2;66;Male;66;164;0;1;former smoker;2-4_month;1;0;0;0;no;0;0;married;1-3h_week;;1;Studium;65;12;2;2;2;2;2;2;2;1;2;2;2;1;2;1;1;1;2;1;2;1;2;2;;25;1;1;3;3;0;2;1;3;2;1;2;6;0;0;98;7;6;7;6;7;6;1;6;1;6;7;7;6;6;7;6;6;;;;;;;;;;;;;;;;;;2;0;/BIOMAG_DATA/PROJECTS/GR_Valentin/processed_final/Round2/17
18;A;13;0;0;0;0;0;3;1;1;0;3;1;0;1;1;0;1;0;null;62;Male;90;180;0;1;never smoker;2-3_week;1;0;0;0;no;0;0;married;1h_week;no_details;1;Studium;65;12;2;2;2;2;2;2;1;1;2;2;2;1;2;2;2;2;2;1;2;1;2;2;;25;1;1;3;3;1;2;1;3;2;0;1;6;1;0;94;5;4;7;7;5;7;5;6;6;3;6;6;5;6;6;5;5;;;;;;;;;;;;;;;;;;7;4;/BIOMAG_DATA/PROJECTS/GR_Valentin/processed_final/Round2/18
19;A;4;0;0;0;0;0;3;0;0;0;3;0;0;0;0;1;0;0;0;84;Female;75;168;0;1;former smoker;>3_week;1;0;0;0;yes_history;0;0;cohabitating;1-3h_week;no;0;Studium;30;12;2;2;2;2;2;2;2;1;2;2;2;2;2;1;2;2;2;1;2;2;2;2;;27;1;1;3;3;2;2;3;3;0;1;2;6;0;0;101;6;6;6;6;5;6;6;6;6;6;6;6;6;6;6;6;6;;;;;;;;;;;;;;;;;;5;5;/BIOMAG_DATA/PROJECTS/GR_Valentin/processed_final/Round2/19
20;B;18;2;2;0;0;2;3;1;0;0;1;2;1;0;0;2;2;0;1;64;Male;90;170;0;1;never smoker;1_month;02. Mrz;0;0;0;no;0;1;single;no;no;1;8-10. Klasse;75;12;2;2;2;2;2;2;2;1;2;2;2;1;1;1;2;1;2;1;2;1;2;2;;18;1;0;2;3;0;2;1;0;2;0;2;4;1;0;96;5;1;7;7;6;7;3;5;5;5;7;7;7;5;6;7;6;;;;;;;;;;;;;;;;;;3;4;/BIOMAG_DATA/PROJECTS/GR_Valentin/processed_final/Round2/20
21;B;28;2;1;1;2;2;3;1;2;2;1;2;2;2;1;2;1;2;2;75;Female;67;164;0;1;never smoker;never alcohol;0;0;0;0;yes_active;0;0;widowed;no;no;0;8-10. Klasse;50;9;2;1;1;2;1;2;5;1;2;2;2;2;1;2;2;2;1;1;2;2;2;2;;25;1;1;2;3;3;1;0;3;2;1;1;6;1;0;85;5;5;5;5;5;5;5;5;5;5;5;5;5;5;5;5;5;;;;;;;;;;;;;;;;;;7;2;/BIOMAG_DATA/PROJECTS/GR_Valentin/processed_final/Round2/21
22;A;3;0;0;1;1;0;3;0;0;0;3;3;0;0;0;1;0;0;0;63;Male;60;173;0;1;current every day smoker;>3_week;1;0;0;0;no;0;0;single;no;no_details;1;Ausbildung;35;11;1;2;2;2;2;2;2;2;2;2;2;1;2;1;2;1;2;1;2;1;2;2;;22;0;0;0;3;3;2;1;1;2;1;2;6;1;0;95;6;3;5;5;6;7;4;6;5;6;7;7;7;2;6;6;7;;;;;;;;;;;;;;;;;;1;1;/BIOMAG_DATA/PROJECTS/GR_Valentin/processed_final/Round2/22
23;B;11;1;0;0;1;2;2;1;0;1;3;3;0;0;0;3;0;0;1;76;Male;90;173;1;1;never smoker;>3_week;04. Mai;0;0;0;no;0;1;single;1h_week;no;0;8-10. Klasse;50;11;2;2;2;2;2;1;0;1;2;2;2;1;2;1;2;2;2;1;2;1;2;2;;21;0;0;2;3;0;2;1;3;1;0;2;6;1;0;99;7;1;7;6;7;6;6;7;2;7;6;6;6;6;6;6;7;;;;;;;;;;;;;;;;;;3;3;/BIOMAG_DATA/PROJECTS/GR_Valentin/processed_final/Round2/23
24;B;20;0;0;1;1;1;1;2;1;1;1;1;0;0;1;1;0;2;3;59;Female;98;165;1;1;former smoker;never alcohol;0;0;0;0;yes_active;0;1;widowed;1h_week;money_worries, loneliness, fear_poverty;0;Ausbildung;20;12;2;2;2;2;2;2;11;2;1;2;1;2;2;2;2;1;2;2;1;2;1;1;;25;1;1;2;3;3;2;0;1;2;1;2;6;1;0;114;7;7;7;7;7;7;7;4;5;7;7;7;7;7;7;7;7;;;;;;;;;;;;;;;;;;6;6;/BIOMAG_DATA/PROJECTS/GR_Valentin/processed_final/Round2/24
25;B;6;1;1;0;0;1;3;0;0;0;3;1;0;0;0;1;0;0;0;71;Male;64;174;0;1;former smoker;never alcohol;0;0;0;0;no;0;0;married;no;no;1;8-10. Klasse;85;9;2;1;1;1;2;2;3;1;2;1;2;1;1;2;2;2;2;1;2;1;2;2;;24;1;1;3;3;2;2;1;0;1;1;2;6;1;0;119;7;7;7;7;7;7;7;7;7;7;7;7;7;7;7;7;7;;;;;;;;;;;;;;;;;;1;1;/BIOMAG_DATA/PROJECTS/GR_Valentin/processed_final/Round2/25
26;B;1;0;0;0;0;0;3;0;0;0;3;2;0;0;0;0;0;0;0;54;Male;94;178;0;0;former smoker;never alcohol;0;0;0;0;no;0;1;single;>3h_week;no;1;Ausbildung;80;12;2;2;2;2;2;2;0;1;2;2;2;1;2;1;2;2;2;1;2;1;2;2;;25;1;1;3;3;2;2;1;2;2;0;2;6;0;0;85;7;1;1;7;7;7;5;7;1;1;4;4;7;7;5;7;7;;;;;;;;;;;;;;;;;;2;0;/BIOMAG_DATA/PROJECTS/GR_Valentin/processed_final/Round2/26
27;A;20;2;1;2;2;2;2;1;2;2;3;0;0;0;0;0;0;1;1;84;Female;60;168;0;1;never smoker;>3_week;1;0;0;0;no;0;1;married;no;no;0;Ausbildung;30;10;2;2;2;2;1;1;8;1;1;2;2;1;1;2;1;2;1;2;1;2;2;2;;20;0;0;3;3;0;1;1;2;0;1;2;6;1;0;118;7;7;7;7;7;7;6;7;7;7;7;7;7;7;7;7;7;;;;;;;;;;;;;;;;;;1;2;/BIOMAG_DATA/PROJECTS/GR_Valentin/processed_final/Round2/27
28;B;8;0;0;1;1;1;3;0;1;0;3;1;0;0;0;1;0;0;1;67;Female;94;181;0;1;former smoker;2-4_month;02. Mrz;0;0;0;no;0;0;married;1-3h_week;fear_poverty;0;Studium;70;12;2;2;2;2;2;2;1;1;2;2;2;1;1;1;2;2;2;1;2;1;2;2;;24;1;1;2;2;3;1;1;3;2;0;2;6;0;0;81;7;7;7;7;2;7;2;null;2;1;7;7;7;2;7;2;7;;;;;;;;;;;;;;;;;;2;1;/BIOMAG_DATA/PROJECTS/GR_Valentin/processed_final/Round2/28
29;A;11;0;0;1;0;0;3;1;1;1;3;3;1;2;1;0;1;1;1;65;Male;107;183;0;1;former smoker;2-4_month;02. Mrz;0;0;0;no;0;0;married;no;fear_poverty;1;Studium;55;12;2;2;2;2;2;2;3;1;2;2;2;1;2;2;2;2;2;2;2;2;2;2;;29;1;1;3;3;4;2;1;3;2;1;2;6;0;0;112;6;7;6;6;7;7;7;7;5;7;6;7;7;7;6;7;7;;;;;;;;;;;;;;;;;;3;1;/BIOMAG_DATA/PROJECTS/GR_Valentin/processed_final/Round2/29
30;A;11;1;0;2;1;1;3;0;0;1;3;2;0;0;1;1;0;1;1;73;Male;80;174;0;1;never smoker;>3_week;1;0;0;0;no;0;0;married;1-3h_week;no_details;0;8-10. Klasse;40;12;2;2;2;2;2;2;1;1;2;2;2;1;2;1;2;2;2;1;2;2;2;2;;29;1;0;2;3;5;2;1;3;2;1;2;6;1;0;89;3;1;7;7;6;7;4;6;1;5;5;7;7;5;6;6;6;;;;;;;;;;;;;;;;;;3;1;/BIOMAG_DATA/PROJECTS/GR_Valentin/processed_final/Round2/30
31;A;17;1;0;1;1;1;3;1;1;1;2;1;1;1;1;1;1;1;1;78;Male;88;178;0;1;former smoker;1_month;02. Mrz;0;0;0;no;0;0;married;1h_week;no;0;Studium;60;12;2;2;2;2;2;2;0;1;2;2;2;1;2;1;2;2;2;1;2;1;2;2;;19;0;0;2;3;0;0;1;3;2;0;0;6;0;2;95;6;6;5;5;6;6;5;5;5;6;6;6;6;5;5;6;6;;;;;;;;;;;;;;;;;;2;6;/BIOMAG_DATA/PROJECTS/GR_Valentin/processed_final/Round2/31
32;B;6;1;0;0;0;0;1;0;0;0;3;0;0;0;0;0;0;0;0;78;Female;82;172;0;1;current every day smoker;never alcohol;0;0;0;0;no;0;1;married;no;no;0;8-10. Klasse;50;12;2;2;2;2;2;2;6;1;1;1;2;1;1;1;2;1;2;1;2;2;1;2;;22;0;1;2;3;0;2;1;3;0;1;2;6;1;0;107;7;7;7;7;7;7;7;7;7;7;7;5;5;4;4;5;7;;;;;;;;;;;;;;;;;;2;5;/BIOMAG_DATA/PROJECTS/GR_Valentin/processed_final/Round2/32
33;A;15;1;1;1;1;1;3;1;0;1;3;2;2;1;1;0;1;1;1;64;Male;100;186;0;1;never smoker;>3_week;02. Mrz;0;0;1;yes_history;0;1;married;1h_week;no_details;0;8-10. Klasse;70;6;1;1;1;1;1;1;3;1;2;2;2;1;1;1;2;2;2;1;2;2;2;1;;30;1;1;3;3;3;2;2;3;1;2;2;6;1;0;118;7;7;7;6;7;7;7;7;7;7;7;7;7;7;7;7;7;;;;;;;;;;;;;;;;;;1;2;/BIOMAG_DATA/PROJECTS/GR_Valentin/processed_final/Round2/33
34;A;11;0;0;0;1;1;2;1;0;1;2;2;0;0;0;1;0;0;0;50;Male;85;174;0;1;never smoker;>3_week;02. Mrz;0;0;0;no;0;0;married;1h_week;loneliness;1;Ausbildung;20;12;2;2;2;2;2;2;4;1;1;2;2;2;2;2;2;2;1;1;2;1;2;2;;23;1;1;1;3;2;2;1;2;2;0;2;6;0;0;99;;;;;;;;;;;;;;;;;;7;7;4;5;5;5;5;6;6;6;6;7;7;7;4;6;6;2;0;/BIOMAG_DATA/PROJECTS/GR_Valentin/processed_final/Round2/34
35;A;6;0;0;0;0;0;2;2;0;0;2;2;1;0;0;0;0;0;0;54;Male;85;170;0;0;former smoker;2-3_week;02. Mrz;0;0;0;no;0;0;married;1h_week;no;0;Studium;15;10;2;2;1;1;2;2;1;1;2;2;2;1;1;1;2;2;2;1;2;1;2;2;;24;;;;;;;;;;;;;;;;;;;;;;;;;;;;;;;;;;;;;;;;;;;;;;;;;;1;1;/BIOMAG_DATA/PROJECTS/GR_Valentin/processed_final/Round2/35
36;B;30;2;0;0;3;3;3;2;0;2;3;3;3;0;0;null;0;3;3;60;Female;55;153;0;1;current every day smoker;2-3_week;02. Mrz;0;1;1;no;0;0;cohabitating;no;money_worries;0;8-10. Klasse;20;12;2;2;2;2;2;2;7;2;2;2;2;2;2;2;2;2;1;2;2;2;2;1;;25;0;1;2;3;4;2;1;0;2;1;2;6;1;0;94;7;7;7;6;6;5;2;6;7;6;6;7;2;6;2;6;6;;;;;;;;;;;;;;;;;;2;6;/BIOMAG_DATA/PROJECTS/GR_Valentin/processed_final/Round2/36
37;B;13;0;0;0;2;2;3;1;0;1;3;1;0;1;1;1;1;0;1;61;Male;83;176;0;1;never smoker;>3_week;02. Mrz;0;0;0;no;0;0;married;1h_week;no_details;1;Studium;40;12;2;2;2;2;2;2;2;1;2;2;2;1;2;1;2;1;2;1;2;2;2;2;;29;1;1;2;3;5;2;1;3;2;1;2;6;0;0;82;6;2;5;7;5;6;4;1;1;5;6;6;7;3;6;5;7;;;;;;;;;;;;;;;;;;2;3;/BIOMAG_DATA/PROJECTS/GR_Valentin/processed_final/Round2/37
38;A;2;1;0;0;0;0;3;0;0;0;3;2;0;0;0;0;0;0;0;20;Male;92;180;0;1;former smoker;>3_week;1;0;0;0;yes_history;0;0;married;1-3h_week;no;0;Studium;50;11;2;2;2;2;2;1;1;1;2;2;2;1;2;1;2;2;1;1;2;1;2;2;;23;1;1;2;3;2;2;0;3;1;1;1;6;0;0;93;6;1;4;7;5;5;4;6;3;4;7;7;7;7;6;7;7;;;;;;;;;;;;;;;;;;3;2;/BIOMAG_DATA/PROJECTS/GR_Valentin/processed_final/Round2/38
39;A;7;1;0;1;0;0;3;1;0;0;3;3;0;0;1;1;1;0;1;67;Male;75;173;0;1;former smoker;2-4_month;1;0;0;1;no;0;0;cohabitating;1-3h_week;no;0;Ausbildung;60;12;2;2;2;2;2;2;2;1;2;2;2;1;1;1;2;2;2;1;2;2;2;2;;28;1;1;3;3;1;2;1;3;2;2;2;6;1;0;73;1;6;6;7;1;6;6;1;6;1;6;6;6;1;6;1;6;;;;;;;;;;;;;;;;;;1;1;/BIOMAG_DATA/PROJECTS/GR_Valentin/processed_final/Round2/39
40;B;6;0;1;0;0;0;3;1;0;0;3;0;0;0;0;1;0;0;0;58;Male;85;190;0;1;current every day smoker;2-3_week;1;0;0;0;no;0;1;single;1h_week;fear_poverty, no;1;Ausbildung;40;11;2;2;2;2;2;1;3;1;1;1;2;1;2;1;2;1;2;1;2;1;2;2;;27;1;1;3;3;3;1;1;3;2;1;2;6;0;0;110;7;7;7;7;7;7;6;7;1;6;6;7;7;7;7;7;7;;;;;;;;;;;;;;;;;;2;0;/BIOMAG_DATA/PROJECTS/GR_Valentin/processed_final/Round2/40
41;A;2;0;0;0;0;0;3;0;0;0;3;2;0;0;0;1;0;0;0;60;Male;85;172;1;0;never smoker;>3_week;02. Mrz;0;0;0;yes_history;0;0;married;1h_week;no;1;Ausbildung;55;12;2;2;2;2;2;2;3;1;1;2;2;2;2;2;2;2;2;1;2;1;2;2;;17;1;1;2;3;0;0;1;0;0;0;2;6;1;0;106;7;6;6;7;6;7;7;6;3;7;6;6;7;6;6;6;7;;;;;;;;;;;;;;;;;;3;2;/BIOMAG_DATA/PROJECTS/GR_Valentin/processed_final/Round2/41
42;B;16;1;0;1;1;1;3;1;1;1;3;0;0;1;1;1;1;1;1;67;Female;54;166;0;1;former smoker;2-3_week;1;0;0;0;no;0;0;married;1h_week;no;0;Ausbildung;45;12;2;2;2;2;2;2;2;1;2;2;2;2;1;1;2;2;2;1;2;1;2;2;;23;1;0;3;3;2;2;1;1;0;1;2;6;1;0;111;;;;;;;;;;;;;;;;;;6;7;7;7;7;7;6;7;5;6;6;7;7;5;7;7;7;4;2;/BIOMAG_DATA/PROJECTS/GR_Valentin/processed_final/Round2/42
43;A;9;0;1;0;0;1;3;1;0;0;3;0;0;0;0;0;1;1;1;64;Male;102;183;0;1;current every day smoker;2-4_month;02. Mrz;0;0;0;no;0;1;married;no;no_details;0;Studium;35;11;1;2;2;2;2;2;;;;;;;;;;;;;;;;;35;18;0;0;2;3;0;2;1;3;1;1;2;2;1;0;103;5;5;6;7;6;7;7;6;4;7;4;7;6;6;6;7;7;;;;;;;;;;;;;;;;;;1;1;/BIOMAG_DATA/PROJECTS/GR_Valentin/processed_final/Round2/43
